givenName,code,dateOfBirth,driverId,permanentNumber,url,familyName,nationality
Jean,,1964-06-11,alesi,,http://en.wikipedia.org/wiki/Jean_Alesi,Alesi,French
Rubens,BAR,1972-05-23,barrichello,,http://en.wikipedia.org/wiki/Rubens_Barrichello,Barrichello,Brazilian
Luciano,,1975-03-05,burti,,http://en.wikipedia.org/wiki/Luciano_Burti,Burti,Brazilian
Jenson,BUT,1980-01-19,button,22,http://en.wikipedia.org/wiki/Jenson_Button,Button,British
David,COU,1971-03-27,coulthard,,http://en.wikipedia.org/wiki/David_Coulthard,Coulthard,British
Pedro,DLR,1971-02-24,rosa,,http://en.wikipedia.org/wiki/Pedro_de_la_Rosa,de la Rosa,Spanish
Pedro,,1970-05-22,diniz,,http://en.wikipedia.org/wiki/Pedro_Diniz,Diniz,Brazilian
Giancarlo,FIS,1973-01-14,fisichella,,http://en.wikipedia.org/wiki/Giancarlo_Fisichella,Fisichella,Italian
Heinz-Harald,,1967-05-18,frentzen,,http://en.wikipedia.org/wiki/Heinz-Harald_Frentzen,Frentzen,German
Marc,,1974-03-29,gene,,http://en.wikipedia.org/wiki/Marc_Gen%C3%A9,Gené,Spanish
Mika,,1968-09-28,hakkinen,,http://en.wikipedia.org/wiki/Mika_H%C3%A4kkinen,Häkkinen,Finnish
Nick,HEI,1977-05-10,heidfeld,,http://en.wikipedia.org/wiki/Nick_Heidfeld,Heidfeld,German
Johnny,,1964-06-25,herbert,,http://en.wikipedia.org/wiki/Johnny_Herbert,Herbert,British
Eddie,,1965-11-10,irvine,,http://en.wikipedia.org/wiki/Eddie_Irvine,Irvine,British
Gastón,,1975-05-08,mazzacane,,http://en.wikipedia.org/wiki/Gast%C3%B3n_Mazzacane,Mazzacane,Argentine
Mika,,1966-11-30,salo,,http://en.wikipedia.org/wiki/Mika_Salo,Salo,Finnish
Ralf,SCH,1975-06-30,ralf_schumacher,,http://en.wikipedia.org/wiki/Ralf_Schumacher,Schumacher,German
Michael,MSC,1969-01-03,michael_schumacher,,http://en.wikipedia.org/wiki/Michael_Schumacher,Schumacher,German
Jarno,TRU,1974-07-13,trulli,,http://en.wikipedia.org/wiki/Jarno_Trulli,Trulli,Italian
Jos,,1972-03-04,verstappen,,http://en.wikipedia.org/wiki/Jos_Verstappen,Verstappen,Dutch
Jacques,VIL,1971-04-09,villeneuve,,http://en.wikipedia.org/wiki/Jacques_Villeneuve,Villeneuve,Canadian
Alexander,WUR,1974-02-15,wurz,,http://en.wikipedia.org/wiki/Alexander_Wurz,Wurz,Austrian
Ricardo,ZON,1976-03-23,zonta,,http://en.wikipedia.org/wiki/Ricardo_Zonta,Zonta,Brazilian
Jean,,1964-06-11,alesi,,http://en.wikipedia.org/wiki/Jean_Alesi,Alesi,French
Fernando,ALO,1981-07-29,alonso,14,http://en.wikipedia.org/wiki/Fernando_Alonso,Alonso,Spanish
Rubens,BAR,1972-05-23,barrichello,,http://en.wikipedia.org/wiki/Rubens_Barrichello,Barrichello,Brazilian
Enrique,,1978-10-19,bernoldi,,http://en.wikipedia.org/wiki/Enrique_Bernoldi,Bernoldi,Brazilian
Luciano,,1975-03-05,burti,,http://en.wikipedia.org/wiki/Luciano_Burti,Burti,Brazilian
Jenson,BUT,1980-01-19,button,22,http://en.wikipedia.org/wiki/Jenson_Button,Button,British
David,COU,1971-03-27,coulthard,,http://en.wikipedia.org/wiki/David_Coulthard,Coulthard,British
Pedro,DLR,1971-02-24,rosa,,http://en.wikipedia.org/wiki/Pedro_de_la_Rosa,de la Rosa,Spanish
Tomáš,,1976-09-11,enge,,http://en.wikipedia.org/wiki/Tom%C3%A1%C5%A1_Enge,Enge,Czech
Giancarlo,FIS,1973-01-14,fisichella,,http://en.wikipedia.org/wiki/Giancarlo_Fisichella,Fisichella,Italian
Heinz-Harald,,1967-05-18,frentzen,,http://en.wikipedia.org/wiki/Heinz-Harald_Frentzen,Frentzen,German
Mika,,1968-09-28,hakkinen,,http://en.wikipedia.org/wiki/Mika_H%C3%A4kkinen,Häkkinen,Finnish
Nick,HEI,1977-05-10,heidfeld,,http://en.wikipedia.org/wiki/Nick_Heidfeld,Heidfeld,German
Eddie,,1965-11-10,irvine,,http://en.wikipedia.org/wiki/Eddie_Irvine,Irvine,British
Tarso,,1976-01-19,marques,,http://en.wikipedia.org/wiki/Tarso_Marques,Marques,Brazilian
Gastón,,1975-05-08,mazzacane,,http://en.wikipedia.org/wiki/Gast%C3%B3n_Mazzacane,Mazzacane,Argentine
Juan,MON,1975-09-20,montoya,,http://en.wikipedia.org/wiki/Juan_Pablo_Montoya,Pablo Montoya,Colombian
Olivier,,1966-09-02,panis,,http://en.wikipedia.org/wiki/Olivier_Panis,Panis,French
Kimi,RAI,1979-10-17,raikkonen,7,http://en.wikipedia.org/wiki/Kimi_R%C3%A4ikk%C3%B6nen,Räikkönen,Finnish
Michael,MSC,1969-01-03,michael_schumacher,,http://en.wikipedia.org/wiki/Michael_Schumacher,Schumacher,German
Ralf,SCH,1975-06-30,ralf_schumacher,,http://en.wikipedia.org/wiki/Ralf_Schumacher,Schumacher,German
Jarno,TRU,1974-07-13,trulli,,http://en.wikipedia.org/wiki/Jarno_Trulli,Trulli,Italian
Jos,,1972-03-04,verstappen,,http://en.wikipedia.org/wiki/Jos_Verstappen,Verstappen,Dutch
Jacques,VIL,1971-04-09,villeneuve,,http://en.wikipedia.org/wiki/Jacques_Villeneuve,Villeneuve,Canadian
Alex,,1976-07-20,yoong,,http://en.wikipedia.org/wiki/Alex_Yoong,Yoong,Malaysian
Ricardo,ZON,1976-03-23,zonta,,http://en.wikipedia.org/wiki/Ricardo_Zonta,Zonta,Brazilian
Rubens,BAR,1972-05-23,barrichello,,http://en.wikipedia.org/wiki/Rubens_Barrichello,Barrichello,Brazilian
Enrique,,1978-10-19,bernoldi,,http://en.wikipedia.org/wiki/Enrique_Bernoldi,Bernoldi,Brazilian
Jenson,BUT,1980-01-19,button,22,http://en.wikipedia.org/wiki/Jenson_Button,Button,British
David,COU,1971-03-27,coulthard,,http://en.wikipedia.org/wiki/David_Coulthard,Coulthard,British
Anthony,DAV,1979-04-18,davidson,,http://en.wikipedia.org/wiki/Anthony_Davidson,Davidson,British
Pedro,DLR,1971-02-24,rosa,,http://en.wikipedia.org/wiki/Pedro_de_la_Rosa,de la Rosa,Spanish
Giancarlo,FIS,1973-01-14,fisichella,,http://en.wikipedia.org/wiki/Giancarlo_Fisichella,Fisichella,Italian
Heinz-Harald,,1967-05-18,frentzen,,http://en.wikipedia.org/wiki/Heinz-Harald_Frentzen,Frentzen,German
Nick,HEI,1977-05-10,heidfeld,,http://en.wikipedia.org/wiki/Nick_Heidfeld,Heidfeld,German
Eddie,,1965-11-10,irvine,,http://en.wikipedia.org/wiki/Eddie_Irvine,Irvine,British
Felipe,MAS,1981-04-25,massa,19,http://en.wikipedia.org/wiki/Felipe_Massa,Massa,Brazilian
Allan,,1969-12-29,mcnish,,http://en.wikipedia.org/wiki/Allan_McNish,McNish,British
Juan,MON,1975-09-20,montoya,,http://en.wikipedia.org/wiki/Juan_Pablo_Montoya,Pablo Montoya,Colombian
Olivier,,1966-09-02,panis,,http://en.wikipedia.org/wiki/Olivier_Panis,Panis,French
Kimi,RAI,1979-10-17,raikkonen,7,http://en.wikipedia.org/wiki/Kimi_R%C3%A4ikk%C3%B6nen,Räikkönen,Finnish
Mika,,1966-11-30,salo,,http://en.wikipedia.org/wiki/Mika_Salo,Salo,Finnish
Takuma,SAT,1977-01-28,sato,,http://en.wikipedia.org/wiki/Takuma_Sato,Sato,Japanese
Michael,MSC,1969-01-03,michael_schumacher,,http://en.wikipedia.org/wiki/Michael_Schumacher,Schumacher,German
Ralf,SCH,1975-06-30,ralf_schumacher,,http://en.wikipedia.org/wiki/Ralf_Schumacher,Schumacher,German
Jarno,TRU,1974-07-13,trulli,,http://en.wikipedia.org/wiki/Jarno_Trulli,Trulli,Italian
Jacques,VIL,1971-04-09,villeneuve,,http://en.wikipedia.org/wiki/Jacques_Villeneuve,Villeneuve,Canadian
Mark,WEB,1976-08-27,webber,,http://en.wikipedia.org/wiki/Mark_Webber_(racing_driver),Webber,Australian
Alex,,1976-07-20,yoong,,http://en.wikipedia.org/wiki/Alex_Yoong,Yoong,Malaysian
Fernando,ALO,1981-07-29,alonso,14,http://en.wikipedia.org/wiki/Fernando_Alonso,Alonso,Spanish
Rubens,BAR,1972-05-23,barrichello,,http://en.wikipedia.org/wiki/Rubens_Barrichello,Barrichello,Brazilian
Zsolt,,1981-01-01,baumgartner,,http://en.wikipedia.org/wiki/Zsolt_Baumgartner,Baumgartner,Hungarian
Jenson,BUT,1980-01-19,button,22,http://en.wikipedia.org/wiki/Jenson_Button,Button,British
David,COU,1971-03-27,coulthard,,http://en.wikipedia.org/wiki/David_Coulthard,Coulthard,British
Cristiano,,1973-09-19,matta,,http://en.wikipedia.org/wiki/Cristiano_da_Matta,da Matta,Brazilian
Ralph,,1975-05-20,firman,,http://en.wikipedia.org/wiki/Ralph_Firman,Firman,Irish
Giancarlo,FIS,1973-01-14,fisichella,,http://en.wikipedia.org/wiki/Giancarlo_Fisichella,Fisichella,Italian
Heinz-Harald,,1967-05-18,frentzen,,http://en.wikipedia.org/wiki/Heinz-Harald_Frentzen,Frentzen,German
Marc,,1974-03-29,gene,,http://en.wikipedia.org/wiki/Marc_Gen%C3%A9,Gené,Spanish
Nick,HEI,1977-05-10,heidfeld,,http://en.wikipedia.org/wiki/Nick_Heidfeld,Heidfeld,German
Nicolas,,1978-03-03,kiesa,,http://en.wikipedia.org/wiki/Nicolas_Kiesa,Kiesa,Danish
Juan,MON,1975-09-20,montoya,,http://en.wikipedia.org/wiki/Juan_Pablo_Montoya,Pablo Montoya,Colombian
Olivier,,1966-09-02,panis,,http://en.wikipedia.org/wiki/Olivier_Panis,Panis,French
Antônio,PIZ,1980-09-11,pizzonia,,http://en.wikipedia.org/wiki/Ant%C3%B4nio_Pizzonia,Pizzonia,Brazilian
Kimi,RAI,1979-10-17,raikkonen,7,http://en.wikipedia.org/wiki/Kimi_R%C3%A4ikk%C3%B6nen,Räikkönen,Finnish
Takuma,SAT,1977-01-28,sato,,http://en.wikipedia.org/wiki/Takuma_Sato,Sato,Japanese
Ralf,SCH,1975-06-30,ralf_schumacher,,http://en.wikipedia.org/wiki/Ralf_Schumacher,Schumacher,German
Michael,MSC,1969-01-03,michael_schumacher,,http://en.wikipedia.org/wiki/Michael_Schumacher,Schumacher,German
Jarno,TRU,1974-07-13,trulli,,http://en.wikipedia.org/wiki/Jarno_Trulli,Trulli,Italian
Jos,,1972-03-04,verstappen,,http://en.wikipedia.org/wiki/Jos_Verstappen,Verstappen,Dutch
Jacques,VIL,1971-04-09,villeneuve,,http://en.wikipedia.org/wiki/Jacques_Villeneuve,Villeneuve,Canadian
Mark,WEB,1976-08-27,webber,,http://en.wikipedia.org/wiki/Mark_Webber_(racing_driver),Webber,Australian
Justin,,1978-07-31,wilson,,http://en.wikipedia.org/wiki/Justin_Wilson_(racing_driver),Wilson,British
Fernando,ALO,1981-07-29,alonso,14,http://en.wikipedia.org/wiki/Fernando_Alonso,Alonso,Spanish
Rubens,BAR,1972-05-23,barrichello,,http://en.wikipedia.org/wiki/Rubens_Barrichello,Barrichello,Brazilian
Zsolt,,1981-01-01,baumgartner,,http://en.wikipedia.org/wiki/Zsolt_Baumgartner,Baumgartner,Hungarian
Gianmaria,,1981-05-30,bruni,,http://en.wikipedia.org/wiki/Gianmaria_Bruni,Bruni,Italian
Jenson,BUT,1980-01-19,button,22,http://en.wikipedia.org/wiki/Jenson_Button,Button,British
David,COU,1971-03-27,coulthard,,http://en.wikipedia.org/wiki/David_Coulthard,Coulthard,British
Cristiano,,1973-09-19,matta,,http://en.wikipedia.org/wiki/Cristiano_da_Matta,da Matta,Brazilian
Giancarlo,FIS,1973-01-14,fisichella,,http://en.wikipedia.org/wiki/Giancarlo_Fisichella,Fisichella,Italian
Marc,,1974-03-29,gene,,http://en.wikipedia.org/wiki/Marc_Gen%C3%A9,Gené,Spanish
Timo,GLO,1982-03-18,glock,,http://en.wikipedia.org/wiki/Timo_Glock,Glock,German
Nick,HEI,1977-05-10,heidfeld,,http://en.wikipedia.org/wiki/Nick_Heidfeld,Heidfeld,German
Christian,KLI,1983-02-07,klien,,http://en.wikipedia.org/wiki/Christian_Klien,Klien,Austrian
Felipe,MAS,1981-04-25,massa,19,http://en.wikipedia.org/wiki/Felipe_Massa,Massa,Brazilian
Juan,MON,1975-09-20,montoya,,http://en.wikipedia.org/wiki/Juan_Pablo_Montoya,Pablo Montoya,Colombian
Olivier,,1966-09-02,panis,,http://en.wikipedia.org/wiki/Olivier_Panis,Panis,French
Giorgio,,1979-02-04,pantano,,http://en.wikipedia.org/wiki/Giorgio_Pantano,Pantano,Italian
Antônio,PIZ,1980-09-11,pizzonia,,http://en.wikipedia.org/wiki/Ant%C3%B4nio_Pizzonia,Pizzonia,Brazilian
Kimi,RAI,1979-10-17,raikkonen,7,http://en.wikipedia.org/wiki/Kimi_R%C3%A4ikk%C3%B6nen,Räikkönen,Finnish
Takuma,SAT,1977-01-28,sato,,http://en.wikipedia.org/wiki/Takuma_Sato,Sato,Japanese
Michael,MSC,1969-01-03,michael_schumacher,,http://en.wikipedia.org/wiki/Michael_Schumacher,Schumacher,German
Ralf,SCH,1975-06-30,ralf_schumacher,,http://en.wikipedia.org/wiki/Ralf_Schumacher,Schumacher,German
Jarno,TRU,1974-07-13,trulli,,http://en.wikipedia.org/wiki/Jarno_Trulli,Trulli,Italian
Jacques,VIL,1971-04-09,villeneuve,,http://en.wikipedia.org/wiki/Jacques_Villeneuve,Villeneuve,Canadian
Mark,WEB,1976-08-27,webber,,http://en.wikipedia.org/wiki/Mark_Webber_(racing_driver),Webber,Australian
Ricardo,ZON,1976-03-23,zonta,,http://en.wikipedia.org/wiki/Ricardo_Zonta,Zonta,Brazilian
Christijan,ALB,1979-04-16,albers,,http://en.wikipedia.org/wiki/Christijan_Albers,Albers,Dutch
Fernando,ALO,1981-07-29,alonso,14,http://en.wikipedia.org/wiki/Fernando_Alonso,Alonso,Spanish
Rubens,BAR,1972-05-23,barrichello,,http://en.wikipedia.org/wiki/Rubens_Barrichello,Barrichello,Brazilian
Jenson,BUT,1980-01-19,button,22,http://en.wikipedia.org/wiki/Jenson_Button,Button,British
David,COU,1971-03-27,coulthard,,http://en.wikipedia.org/wiki/David_Coulthard,Coulthard,British
Anthony,DAV,1979-04-18,davidson,,http://en.wikipedia.org/wiki/Anthony_Davidson,Davidson,British
Pedro,DLR,1971-02-24,rosa,,http://en.wikipedia.org/wiki/Pedro_de_la_Rosa,de la Rosa,Spanish
Robert,DOO,1981-09-23,doornbos,,http://en.wikipedia.org/wiki/Robert_Doornbos,Doornbos,Dutch
Giancarlo,FIS,1973-01-14,fisichella,,http://en.wikipedia.org/wiki/Giancarlo_Fisichella,Fisichella,Italian
Patrick,FRI,1980-09-26,friesacher,,http://en.wikipedia.org/wiki/Patrick_Friesacher,Friesacher,Austrian
Nick,HEI,1977-05-10,heidfeld,,http://en.wikipedia.org/wiki/Nick_Heidfeld,Heidfeld,German
Narain,KAR,1977-01-14,karthikeyan,,http://en.wikipedia.org/wiki/Narain_Karthikeyan,Karthikeyan,Indian
Christian,KLI,1983-02-07,klien,,http://en.wikipedia.org/wiki/Christian_Klien,Klien,Austrian
Vitantonio,LIU,1980-08-06,liuzzi,,http://en.wikipedia.org/wiki/Vitantonio_Liuzzi,Liuzzi,Italian
Felipe,MAS,1981-04-25,massa,19,http://en.wikipedia.org/wiki/Felipe_Massa,Massa,Brazilian
Tiago,TMO,1976-07-24,monteiro,,http://en.wikipedia.org/wiki/Tiago_Monteiro,Monteiro,Portuguese
Juan,MON,1975-09-20,montoya,,http://en.wikipedia.org/wiki/Juan_Pablo_Montoya,Pablo Montoya,Colombian
Antônio,PIZ,1980-09-11,pizzonia,,http://en.wikipedia.org/wiki/Ant%C3%B4nio_Pizzonia,Pizzonia,Brazilian
Kimi,RAI,1979-10-17,raikkonen,7,http://en.wikipedia.org/wiki/Kimi_R%C3%A4ikk%C3%B6nen,Räikkönen,Finnish
Takuma,SAT,1977-01-28,sato,,http://en.wikipedia.org/wiki/Takuma_Sato,Sato,Japanese
Michael,MSC,1969-01-03,michael_schumacher,,http://en.wikipedia.org/wiki/Michael_Schumacher,Schumacher,German
Ralf,SCH,1975-06-30,ralf_schumacher,,http://en.wikipedia.org/wiki/Ralf_Schumacher,Schumacher,German
Jarno,TRU,1974-07-13,trulli,,http://en.wikipedia.org/wiki/Jarno_Trulli,Trulli,Italian
Jacques,VIL,1971-04-09,villeneuve,,http://en.wikipedia.org/wiki/Jacques_Villeneuve,Villeneuve,Canadian
Mark,WEB,1976-08-27,webber,,http://en.wikipedia.org/wiki/Mark_Webber_(racing_driver),Webber,Australian
Alexander,WUR,1974-02-15,wurz,,http://en.wikipedia.org/wiki/Alexander_Wurz,Wurz,Austrian
Ricardo,ZON,1976-03-23,zonta,,http://en.wikipedia.org/wiki/Ricardo_Zonta,Zonta,Brazilian
Christijan,ALB,1979-04-16,albers,,http://en.wikipedia.org/wiki/Christijan_Albers,Albers,Dutch
Fernando,ALO,1981-07-29,alonso,14,http://en.wikipedia.org/wiki/Fernando_Alonso,Alonso,Spanish
Rubens,BAR,1972-05-23,barrichello,,http://en.wikipedia.org/wiki/Rubens_Barrichello,Barrichello,Brazilian
Jenson,BUT,1980-01-19,button,22,http://en.wikipedia.org/wiki/Jenson_Button,Button,British
David,COU,1971-03-27,coulthard,,http://en.wikipedia.org/wiki/David_Coulthard,Coulthard,British
Pedro,DLR,1971-02-24,rosa,,http://en.wikipedia.org/wiki/Pedro_de_la_Rosa,de la Rosa,Spanish
Robert,DOO,1981-09-23,doornbos,,http://en.wikipedia.org/wiki/Robert_Doornbos,Doornbos,Dutch
Giancarlo,FIS,1973-01-14,fisichella,,http://en.wikipedia.org/wiki/Giancarlo_Fisichella,Fisichella,Italian
Nick,HEI,1977-05-10,heidfeld,,http://en.wikipedia.org/wiki/Nick_Heidfeld,Heidfeld,German
Yuji,IDE,1975-01-21,ide,,http://en.wikipedia.org/wiki/Yuji_Ide,Ide,Japanese
Christian,KLI,1983-02-07,klien,,http://en.wikipedia.org/wiki/Christian_Klien,Klien,Austrian
Robert,KUB,1984-12-07,kubica,88,http://en.wikipedia.org/wiki/Robert_Kubica,Kubica,Polish
Vitantonio,LIU,1980-08-06,liuzzi,,http://en.wikipedia.org/wiki/Vitantonio_Liuzzi,Liuzzi,Italian
Felipe,MAS,1981-04-25,massa,19,http://en.wikipedia.org/wiki/Felipe_Massa,Massa,Brazilian
Franck,FMO,1978-01-05,montagny,,http://en.wikipedia.org/wiki/Franck_Montagny,Montagny,French
Tiago,TMO,1976-07-24,monteiro,,http://en.wikipedia.org/wiki/Tiago_Monteiro,Monteiro,Portuguese
Juan,MON,1975-09-20,montoya,,http://en.wikipedia.org/wiki/Juan_Pablo_Montoya,Pablo Montoya,Colombian
Kimi,RAI,1979-10-17,raikkonen,7,http://en.wikipedia.org/wiki/Kimi_R%C3%A4ikk%C3%B6nen,Räikkönen,Finnish
Nico,ROS,1985-06-27,rosberg,6,http://en.wikipedia.org/wiki/Nico_Rosberg,Rosberg,German
Takuma,SAT,1977-01-28,sato,,http://en.wikipedia.org/wiki/Takuma_Sato,Sato,Japanese
Ralf,SCH,1975-06-30,ralf_schumacher,,http://en.wikipedia.org/wiki/Ralf_Schumacher,Schumacher,German
Michael,MSC,1969-01-03,michael_schumacher,,http://en.wikipedia.org/wiki/Michael_Schumacher,Schumacher,German
Scott,SPE,1983-01-24,speed,,http://en.wikipedia.org/wiki/Scott_Speed,Speed,American
Jarno,TRU,1974-07-13,trulli,,http://en.wikipedia.org/wiki/Jarno_Trulli,Trulli,Italian
Jacques,VIL,1971-04-09,villeneuve,,http://en.wikipedia.org/wiki/Jacques_Villeneuve,Villeneuve,Canadian
Mark,WEB,1976-08-27,webber,,http://en.wikipedia.org/wiki/Mark_Webber_(racing_driver),Webber,Australian
Sakon,YAM,1982-07-09,yamamoto,,http://en.wikipedia.org/wiki/Sakon_Yamamoto,Yamamoto,Japanese
Christijan,ALB,1979-04-16,albers,,http://en.wikipedia.org/wiki/Christijan_Albers,Albers,Dutch
Fernando,ALO,1981-07-29,alonso,14,http://en.wikipedia.org/wiki/Fernando_Alonso,Alonso,Spanish
Rubens,BAR,1972-05-23,barrichello,,http://en.wikipedia.org/wiki/Rubens_Barrichello,Barrichello,Brazilian
Jenson,BUT,1980-01-19,button,22,http://en.wikipedia.org/wiki/Jenson_Button,Button,British
David,COU,1971-03-27,coulthard,,http://en.wikipedia.org/wiki/David_Coulthard,Coulthard,British
Anthony,DAV,1979-04-18,davidson,,http://en.wikipedia.org/wiki/Anthony_Davidson,Davidson,British
Giancarlo,FIS,1973-01-14,fisichella,,http://en.wikipedia.org/wiki/Giancarlo_Fisichella,Fisichella,Italian
Lewis,HAM,1985-01-07,hamilton,44,http://en.wikipedia.org/wiki/Lewis_Hamilton,Hamilton,British
Nick,HEI,1977-05-10,heidfeld,,http://en.wikipedia.org/wiki/Nick_Heidfeld,Heidfeld,German
Heikki,KOV,1981-10-19,kovalainen,,http://en.wikipedia.org/wiki/Heikki_Kovalainen,Kovalainen,Finnish
Robert,KUB,1984-12-07,kubica,88,http://en.wikipedia.org/wiki/Robert_Kubica,Kubica,Polish
Vitantonio,LIU,1980-08-06,liuzzi,,http://en.wikipedia.org/wiki/Vitantonio_Liuzzi,Liuzzi,Italian
Felipe,MAS,1981-04-25,massa,19,http://en.wikipedia.org/wiki/Felipe_Massa,Massa,Brazilian
Kazuki,NAK,1985-01-11,nakajima,,http://en.wikipedia.org/wiki/Kazuki_Nakajima,Nakajima,Japanese
Kimi,RAI,1979-10-17,raikkonen,7,http://en.wikipedia.org/wiki/Kimi_R%C3%A4ikk%C3%B6nen,Räikkönen,Finnish
Nico,ROS,1985-06-27,rosberg,6,http://en.wikipedia.org/wiki/Nico_Rosberg,Rosberg,German
Takuma,SAT,1977-01-28,sato,,http://en.wikipedia.org/wiki/Takuma_Sato,Sato,Japanese
Ralf,SCH,1975-06-30,ralf_schumacher,,http://en.wikipedia.org/wiki/Ralf_Schumacher,Schumacher,German
Scott,SPE,1983-01-24,speed,,http://en.wikipedia.org/wiki/Scott_Speed,Speed,American
Adrian,SUT,1983-01-11,sutil,99,http://en.wikipedia.org/wiki/Adrian_Sutil,Sutil,German
Jarno,TRU,1974-07-13,trulli,,http://en.wikipedia.org/wiki/Jarno_Trulli,Trulli,Italian
Sebastian,VET,1987-07-03,vettel,5,http://en.wikipedia.org/wiki/Sebastian_Vettel,Vettel,German
Mark,WEB,1976-08-27,webber,,http://en.wikipedia.org/wiki/Mark_Webber_(racing_driver),Webber,Australian
Markus,WIN,1980-06-13,markus_winkelhock,,http://en.wikipedia.org/wiki/Markus_Winkelhock,Winkelhock,German
Alexander,WUR,1974-02-15,wurz,,http://en.wikipedia.org/wiki/Alexander_Wurz,Wurz,Austrian
Sakon,YAM,1982-07-09,yamamoto,,http://en.wikipedia.org/wiki/Sakon_Yamamoto,Yamamoto,Japanese
Fernando,ALO,1981-07-29,alonso,14,http://en.wikipedia.org/wiki/Fernando_Alonso,Alonso,Spanish
Rubens,BAR,1972-05-23,barrichello,,http://en.wikipedia.org/wiki/Rubens_Barrichello,Barrichello,Brazilian
Sébastien,BOU,1979-02-28,bourdais,,http://en.wikipedia.org/wiki/S%C3%A9bastien_Bourdais,Bourdais,French
Jenson,BUT,1980-01-19,button,22,http://en.wikipedia.org/wiki/Jenson_Button,Button,British
David,COU,1971-03-27,coulthard,,http://en.wikipedia.org/wiki/David_Coulthard,Coulthard,British
Anthony,DAV,1979-04-18,davidson,,http://en.wikipedia.org/wiki/Anthony_Davidson,Davidson,British
Giancarlo,FIS,1973-01-14,fisichella,,http://en.wikipedia.org/wiki/Giancarlo_Fisichella,Fisichella,Italian
Timo,GLO,1982-03-18,glock,,http://en.wikipedia.org/wiki/Timo_Glock,Glock,German
Lewis,HAM,1985-01-07,hamilton,44,http://en.wikipedia.org/wiki/Lewis_Hamilton,Hamilton,British
Nick,HEI,1977-05-10,heidfeld,,http://en.wikipedia.org/wiki/Nick_Heidfeld,Heidfeld,German
Heikki,KOV,1981-10-19,kovalainen,,http://en.wikipedia.org/wiki/Heikki_Kovalainen,Kovalainen,Finnish
Robert,KUB,1984-12-07,kubica,88,http://en.wikipedia.org/wiki/Robert_Kubica,Kubica,Polish
Felipe,MAS,1981-04-25,massa,19,http://en.wikipedia.org/wiki/Felipe_Massa,Massa,Brazilian
Kazuki,NAK,1985-01-11,nakajima,,http://en.wikipedia.org/wiki/Kazuki_Nakajima,Nakajima,Japanese
Nelson,PIQ,1985-07-25,piquet_jr,,"http://en.wikipedia.org/wiki/Nelson_Piquet,_Jr.",Piquet Jr.,Brazilian
Kimi,RAI,1979-10-17,raikkonen,7,http://en.wikipedia.org/wiki/Kimi_R%C3%A4ikk%C3%B6nen,Räikkönen,Finnish
Nico,ROS,1985-06-27,rosberg,6,http://en.wikipedia.org/wiki/Nico_Rosberg,Rosberg,German
Takuma,SAT,1977-01-28,sato,,http://en.wikipedia.org/wiki/Takuma_Sato,Sato,Japanese
Adrian,SUT,1983-01-11,sutil,99,http://en.wikipedia.org/wiki/Adrian_Sutil,Sutil,German
Jarno,TRU,1974-07-13,trulli,,http://en.wikipedia.org/wiki/Jarno_Trulli,Trulli,Italian
Sebastian,VET,1987-07-03,vettel,5,http://en.wikipedia.org/wiki/Sebastian_Vettel,Vettel,German
Mark,WEB,1976-08-27,webber,,http://en.wikipedia.org/wiki/Mark_Webber_(racing_driver),Webber,Australian
Jaime,ALG,1990-03-23,alguersuari,,http://en.wikipedia.org/wiki/Jaime_Alguersuari,Alguersuari,Spanish
Fernando,ALO,1981-07-29,alonso,14,http://en.wikipedia.org/wiki/Fernando_Alonso,Alonso,Spanish
Luca,BAD,1971-01-25,badoer,,http://en.wikipedia.org/wiki/Luca_Badoer,Badoer,Italian
Rubens,BAR,1972-05-23,barrichello,,http://en.wikipedia.org/wiki/Rubens_Barrichello,Barrichello,Brazilian
Sébastien,BOU,1979-02-28,bourdais,,http://en.wikipedia.org/wiki/S%C3%A9bastien_Bourdais,Bourdais,French
Sébastien,BUE,1988-10-31,buemi,,http://en.wikipedia.org/wiki/S%C3%A9bastien_Buemi,Buemi,Swiss
Jenson,BUT,1980-01-19,button,22,http://en.wikipedia.org/wiki/Jenson_Button,Button,British
Giancarlo,FIS,1973-01-14,fisichella,,http://en.wikipedia.org/wiki/Giancarlo_Fisichella,Fisichella,Italian
Timo,GLO,1982-03-18,glock,,http://en.wikipedia.org/wiki/Timo_Glock,Glock,German
Romain,GRO,1986-04-17,grosjean,8,http://en.wikipedia.org/wiki/Romain_Grosjean,Grosjean,French
Lewis,HAM,1985-01-07,hamilton,44,http://en.wikipedia.org/wiki/Lewis_Hamilton,Hamilton,British
Nick,HEI,1977-05-10,heidfeld,,http://en.wikipedia.org/wiki/Nick_Heidfeld,Heidfeld,German
Kamui,KOB,1986-09-13,kobayashi,10,http://en.wikipedia.org/wiki/Kamui_Kobayashi,Kobayashi,Japanese
Heikki,KOV,1981-10-19,kovalainen,,http://en.wikipedia.org/wiki/Heikki_Kovalainen,Kovalainen,Finnish
Robert,KUB,1984-12-07,kubica,88,http://en.wikipedia.org/wiki/Robert_Kubica,Kubica,Polish
Vitantonio,LIU,1980-08-06,liuzzi,,http://en.wikipedia.org/wiki/Vitantonio_Liuzzi,Liuzzi,Italian
Felipe,MAS,1981-04-25,massa,19,http://en.wikipedia.org/wiki/Felipe_Massa,Massa,Brazilian
Kazuki,NAK,1985-01-11,nakajima,,http://en.wikipedia.org/wiki/Kazuki_Nakajima,Nakajima,Japanese
Nelson,PIQ,1985-07-25,piquet_jr,,"http://en.wikipedia.org/wiki/Nelson_Piquet,_Jr.",Piquet Jr.,Brazilian
Kimi,RAI,1979-10-17,raikkonen,7,http://en.wikipedia.org/wiki/Kimi_R%C3%A4ikk%C3%B6nen,Räikkönen,Finnish
Nico,ROS,1985-06-27,rosberg,6,http://en.wikipedia.org/wiki/Nico_Rosberg,Rosberg,German
Adrian,SUT,1983-01-11,sutil,99,http://en.wikipedia.org/wiki/Adrian_Sutil,Sutil,German
Jarno,TRU,1974-07-13,trulli,,http://en.wikipedia.org/wiki/Jarno_Trulli,Trulli,Italian
Sebastian,VET,1987-07-03,vettel,5,http://en.wikipedia.org/wiki/Sebastian_Vettel,Vettel,German
Mark,WEB,1976-08-27,webber,,http://en.wikipedia.org/wiki/Mark_Webber_(racing_driver),Webber,Australian
Jaime,ALG,1990-03-23,alguersuari,,http://en.wikipedia.org/wiki/Jaime_Alguersuari,Alguersuari,Spanish
Fernando,ALO,1981-07-29,alonso,14,http://en.wikipedia.org/wiki/Fernando_Alonso,Alonso,Spanish
Rubens,BAR,1972-05-23,barrichello,,http://en.wikipedia.org/wiki/Rubens_Barrichello,Barrichello,Brazilian
Sébastien,BUE,1988-10-31,buemi,,http://en.wikipedia.org/wiki/S%C3%A9bastien_Buemi,Buemi,Swiss
Jenson,BUT,1980-01-19,button,22,http://en.wikipedia.org/wiki/Jenson_Button,Button,British
Karun,CHA,1984-01-19,chandhok,,http://en.wikipedia.org/wiki/Karun_Chandhok,Chandhok,Indian
Pedro,DLR,1971-02-24,rosa,,http://en.wikipedia.org/wiki/Pedro_de_la_Rosa,de la Rosa,Spanish
Lucas,DIG,1984-08-11,grassi,,http://en.wikipedia.org/wiki/Lucas_di_Grassi,di Grassi,Brazilian
Timo,GLO,1982-03-18,glock,,http://en.wikipedia.org/wiki/Timo_Glock,Glock,German
Lewis,HAM,1985-01-07,hamilton,44,http://en.wikipedia.org/wiki/Lewis_Hamilton,Hamilton,British
Nick,HEI,1977-05-10,heidfeld,,http://en.wikipedia.org/wiki/Nick_Heidfeld,Heidfeld,German
Nico,HUL,1987-08-19,hulkenberg,27,http://en.wikipedia.org/wiki/Nico_H%C3%BClkenberg,Hülkenberg,German
Christian,KLI,1983-02-07,klien,,http://en.wikipedia.org/wiki/Christian_Klien,Klien,Austrian
Kamui,KOB,1986-09-13,kobayashi,10,http://en.wikipedia.org/wiki/Kamui_Kobayashi,Kobayashi,Japanese
Heikki,KOV,1981-10-19,kovalainen,,http://en.wikipedia.org/wiki/Heikki_Kovalainen,Kovalainen,Finnish
Robert,KUB,1984-12-07,kubica,88,http://en.wikipedia.org/wiki/Robert_Kubica,Kubica,Polish
Vitantonio,LIU,1980-08-06,liuzzi,,http://en.wikipedia.org/wiki/Vitantonio_Liuzzi,Liuzzi,Italian
Felipe,MAS,1981-04-25,massa,19,http://en.wikipedia.org/wiki/Felipe_Massa,Massa,Brazilian
Vitaly,PET,1984-09-08,petrov,,http://en.wikipedia.org/wiki/Vitaly_Petrov,Petrov,Russian
Nico,ROS,1985-06-27,rosberg,6,http://en.wikipedia.org/wiki/Nico_Rosberg,Rosberg,German
Michael,MSC,1969-01-03,michael_schumacher,,http://en.wikipedia.org/wiki/Michael_Schumacher,Schumacher,German
Bruno,SEN,1983-10-15,bruno_senna,,http://en.wikipedia.org/wiki/Bruno_Senna,Senna,Brazilian
Adrian,SUT,1983-01-11,sutil,99,http://en.wikipedia.org/wiki/Adrian_Sutil,Sutil,German
Jarno,TRU,1974-07-13,trulli,,http://en.wikipedia.org/wiki/Jarno_Trulli,Trulli,Italian
Sebastian,VET,1987-07-03,vettel,5,http://en.wikipedia.org/wiki/Sebastian_Vettel,Vettel,German
Mark,WEB,1976-08-27,webber,,http://en.wikipedia.org/wiki/Mark_Webber_(racing_driver),Webber,Australian
Sakon,YAM,1982-07-09,yamamoto,,http://en.wikipedia.org/wiki/Sakon_Yamamoto,Yamamoto,Japanese
Jaime,ALG,1990-03-23,alguersuari,,http://en.wikipedia.org/wiki/Jaime_Alguersuari,Alguersuari,Spanish
Fernando,ALO,1981-07-29,alonso,14,http://en.wikipedia.org/wiki/Fernando_Alonso,Alonso,Spanish
Rubens,BAR,1972-05-23,barrichello,,http://en.wikipedia.org/wiki/Rubens_Barrichello,Barrichello,Brazilian
Sébastien,BUE,1988-10-31,buemi,,http://en.wikipedia.org/wiki/S%C3%A9bastien_Buemi,Buemi,Swiss
Jenson,BUT,1980-01-19,button,22,http://en.wikipedia.org/wiki/Jenson_Button,Button,British
Karun,CHA,1984-01-19,chandhok,,http://en.wikipedia.org/wiki/Karun_Chandhok,Chandhok,Indian
Jérôme,DAM,1985-12-27,ambrosio,,http://en.wikipedia.org/wiki/J%C3%A9r%C3%B4me_d%27Ambrosio,d'Ambrosio,Belgian
Pedro,DLR,1971-02-24,rosa,,http://en.wikipedia.org/wiki/Pedro_de_la_Rosa,de la Rosa,Spanish
Paul,DIR,1986-04-16,resta,40,http://en.wikipedia.org/wiki/Paul_di_Resta,di Resta,British
Timo,GLO,1982-03-18,glock,,http://en.wikipedia.org/wiki/Timo_Glock,Glock,German
Lewis,HAM,1985-01-07,hamilton,44,http://en.wikipedia.org/wiki/Lewis_Hamilton,Hamilton,British
Nick,HEI,1977-05-10,heidfeld,,http://en.wikipedia.org/wiki/Nick_Heidfeld,Heidfeld,German
Narain,KAR,1977-01-14,karthikeyan,,http://en.wikipedia.org/wiki/Narain_Karthikeyan,Karthikeyan,Indian
Kamui,KOB,1986-09-13,kobayashi,10,http://en.wikipedia.org/wiki/Kamui_Kobayashi,Kobayashi,Japanese
Heikki,KOV,1981-10-19,kovalainen,,http://en.wikipedia.org/wiki/Heikki_Kovalainen,Kovalainen,Finnish
Vitantonio,LIU,1980-08-06,liuzzi,,http://en.wikipedia.org/wiki/Vitantonio_Liuzzi,Liuzzi,Italian
Pastor,MAL,1985-03-09,maldonado,13,http://en.wikipedia.org/wiki/Pastor_Maldonado,Maldonado,Venezuelan
Felipe,MAS,1981-04-25,massa,19,http://en.wikipedia.org/wiki/Felipe_Massa,Massa,Brazilian
Sergio,PER,1990-01-26,perez,11,http://en.wikipedia.org/wiki/Sergio_P%C3%A9rez,Pérez,Mexican
Vitaly,PET,1984-09-08,petrov,,http://en.wikipedia.org/wiki/Vitaly_Petrov,Petrov,Russian
Daniel,RIC,1989-07-01,ricciardo,3,http://en.wikipedia.org/wiki/Daniel_Ricciardo,Ricciardo,Australian
Nico,ROS,1985-06-27,rosberg,6,http://en.wikipedia.org/wiki/Nico_Rosberg,Rosberg,German
Michael,MSC,1969-01-03,michael_schumacher,,http://en.wikipedia.org/wiki/Michael_Schumacher,Schumacher,German
Bruno,SEN,1983-10-15,bruno_senna,,http://en.wikipedia.org/wiki/Bruno_Senna,Senna,Brazilian
Adrian,SUT,1983-01-11,sutil,99,http://en.wikipedia.org/wiki/Adrian_Sutil,Sutil,German
Jarno,TRU,1974-07-13,trulli,,http://en.wikipedia.org/wiki/Jarno_Trulli,Trulli,Italian
Sebastian,VET,1987-07-03,vettel,5,http://en.wikipedia.org/wiki/Sebastian_Vettel,Vettel,German
Mark,WEB,1976-08-27,webber,,http://en.wikipedia.org/wiki/Mark_Webber_(racing_driver),Webber,Australian
Fernando,ALO,1981-07-29,alonso,14,http://en.wikipedia.org/wiki/Fernando_Alonso,Alonso,Spanish
Jenson,BUT,1980-01-19,button,22,http://en.wikipedia.org/wiki/Jenson_Button,Button,British
Jérôme,DAM,1985-12-27,ambrosio,,http://en.wikipedia.org/wiki/J%C3%A9r%C3%B4me_d%27Ambrosio,d'Ambrosio,Belgian
Pedro,DLR,1971-02-24,rosa,,http://en.wikipedia.org/wiki/Pedro_de_la_Rosa,de la Rosa,Spanish
Paul,DIR,1986-04-16,resta,40,http://en.wikipedia.org/wiki/Paul_di_Resta,di Resta,British
Timo,GLO,1982-03-18,glock,,http://en.wikipedia.org/wiki/Timo_Glock,Glock,German
Romain,GRO,1986-04-17,grosjean,8,http://en.wikipedia.org/wiki/Romain_Grosjean,Grosjean,French
Lewis,HAM,1985-01-07,hamilton,44,http://en.wikipedia.org/wiki/Lewis_Hamilton,Hamilton,British
Nico,HUL,1987-08-19,hulkenberg,27,http://en.wikipedia.org/wiki/Nico_H%C3%BClkenberg,Hülkenberg,German
Narain,KAR,1977-01-14,karthikeyan,,http://en.wikipedia.org/wiki/Narain_Karthikeyan,Karthikeyan,Indian
Kamui,KOB,1986-09-13,kobayashi,10,http://en.wikipedia.org/wiki/Kamui_Kobayashi,Kobayashi,Japanese
Heikki,KOV,1981-10-19,kovalainen,,http://en.wikipedia.org/wiki/Heikki_Kovalainen,Kovalainen,Finnish
Pastor,MAL,1985-03-09,maldonado,13,http://en.wikipedia.org/wiki/Pastor_Maldonado,Maldonado,Venezuelan
Felipe,MAS,1981-04-25,massa,19,http://en.wikipedia.org/wiki/Felipe_Massa,Massa,Brazilian
Sergio,PER,1990-01-26,perez,11,http://en.wikipedia.org/wiki/Sergio_P%C3%A9rez,Pérez,Mexican
Vitaly,PET,1984-09-08,petrov,,http://en.wikipedia.org/wiki/Vitaly_Petrov,Petrov,Russian
Charles,PIC,1990-02-15,pic,,http://en.wikipedia.org/wiki/Charles_Pic,Pic,French
Kimi,RAI,1979-10-17,raikkonen,7,http://en.wikipedia.org/wiki/Kimi_R%C3%A4ikk%C3%B6nen,Räikkönen,Finnish
Daniel,RIC,1989-07-01,ricciardo,3,http://en.wikipedia.org/wiki/Daniel_Ricciardo,Ricciardo,Australian
Nico,ROS,1985-06-27,rosberg,6,http://en.wikipedia.org/wiki/Nico_Rosberg,Rosberg,German
Michael,MSC,1969-01-03,michael_schumacher,,http://en.wikipedia.org/wiki/Michael_Schumacher,Schumacher,German
Bruno,SEN,1983-10-15,bruno_senna,,http://en.wikipedia.org/wiki/Bruno_Senna,Senna,Brazilian
Jean-Éric,VER,1990-04-25,vergne,25,http://en.wikipedia.org/wiki/Jean-%C3%89ric_Vergne,Vergne,French
Sebastian,VET,1987-07-03,vettel,5,http://en.wikipedia.org/wiki/Sebastian_Vettel,Vettel,German
Mark,WEB,1976-08-27,webber,,http://en.wikipedia.org/wiki/Mark_Webber_(racing_driver),Webber,Australian
Fernando,ALO,1981-07-29,alonso,14,http://en.wikipedia.org/wiki/Fernando_Alonso,Alonso,Spanish
Jules,BIA,1989-08-03,jules_bianchi,17,http://en.wikipedia.org/wiki/Jules_Bianchi,Bianchi,French
Valtteri,BOT,1989-08-28,bottas,77,http://en.wikipedia.org/wiki/Valtteri_Bottas,Bottas,Finnish
Jenson,BUT,1980-01-19,button,22,http://en.wikipedia.org/wiki/Jenson_Button,Button,British
Max,CHI,1991-04-21,chilton,4,http://en.wikipedia.org/wiki/Max_Chilton,Chilton,British
Paul,DIR,1986-04-16,resta,40,http://en.wikipedia.org/wiki/Paul_di_Resta,di Resta,British
Romain,GRO,1986-04-17,grosjean,8,http://en.wikipedia.org/wiki/Romain_Grosjean,Grosjean,French
Esteban,GUT,1991-08-05,gutierrez,21,http://en.wikipedia.org/wiki/Esteban_Guti%C3%A9rrez,Gutiérrez,Mexican
Lewis,HAM,1985-01-07,hamilton,44,http://en.wikipedia.org/wiki/Lewis_Hamilton,Hamilton,British
Nico,HUL,1987-08-19,hulkenberg,27,http://en.wikipedia.org/wiki/Nico_H%C3%BClkenberg,Hülkenberg,German
Heikki,KOV,1981-10-19,kovalainen,,http://en.wikipedia.org/wiki/Heikki_Kovalainen,Kovalainen,Finnish
Pastor,MAL,1985-03-09,maldonado,13,http://en.wikipedia.org/wiki/Pastor_Maldonado,Maldonado,Venezuelan
Felipe,MAS,1981-04-25,massa,19,http://en.wikipedia.org/wiki/Felipe_Massa,Massa,Brazilian
Sergio,PER,1990-01-26,perez,11,http://en.wikipedia.org/wiki/Sergio_P%C3%A9rez,Pérez,Mexican
Charles,PIC,1990-02-15,pic,,http://en.wikipedia.org/wiki/Charles_Pic,Pic,French
Kimi,RAI,1979-10-17,raikkonen,7,http://en.wikipedia.org/wiki/Kimi_R%C3%A4ikk%C3%B6nen,Räikkönen,Finnish
Daniel,RIC,1989-07-01,ricciardo,3,http://en.wikipedia.org/wiki/Daniel_Ricciardo,Ricciardo,Australian
Nico,ROS,1985-06-27,rosberg,6,http://en.wikipedia.org/wiki/Nico_Rosberg,Rosberg,German
Adrian,SUT,1983-01-11,sutil,99,http://en.wikipedia.org/wiki/Adrian_Sutil,Sutil,German
Giedo,VDG,1985-04-25,garde,,http://en.wikipedia.org/wiki/Giedo_van_der_Garde,van der Garde,Dutch
Jean-Éric,VER,1990-04-25,vergne,25,http://en.wikipedia.org/wiki/Jean-%C3%89ric_Vergne,Vergne,French
Sebastian,VET,1987-07-03,vettel,5,http://en.wikipedia.org/wiki/Sebastian_Vettel,Vettel,German
Mark,WEB,1976-08-27,webber,,http://en.wikipedia.org/wiki/Mark_Webber_(racing_driver),Webber,Australian
Fernando,ALO,1981-07-29,alonso,14,http://en.wikipedia.org/wiki/Fernando_Alonso,Alonso,Spanish
Jules,BIA,1989-08-03,jules_bianchi,17,http://en.wikipedia.org/wiki/Jules_Bianchi,Bianchi,French
Valtteri,BOT,1989-08-28,bottas,77,http://en.wikipedia.org/wiki/Valtteri_Bottas,Bottas,Finnish
Jenson,BUT,1980-01-19,button,22,http://en.wikipedia.org/wiki/Jenson_Button,Button,British
Max,CHI,1991-04-21,chilton,4,http://en.wikipedia.org/wiki/Max_Chilton,Chilton,British
Marcus,ERI,1990-09-02,ericsson,9,http://en.wikipedia.org/wiki/Marcus_Ericsson,Ericsson,Swedish
Romain,GRO,1986-04-17,grosjean,8,http://en.wikipedia.org/wiki/Romain_Grosjean,Grosjean,French
Esteban,GUT,1991-08-05,gutierrez,21,http://en.wikipedia.org/wiki/Esteban_Guti%C3%A9rrez,Gutiérrez,Mexican
Lewis,HAM,1985-01-07,hamilton,44,http://en.wikipedia.org/wiki/Lewis_Hamilton,Hamilton,British
Nico,HUL,1987-08-19,hulkenberg,27,http://en.wikipedia.org/wiki/Nico_H%C3%BClkenberg,Hülkenberg,German
Kamui,KOB,1986-09-13,kobayashi,10,http://en.wikipedia.org/wiki/Kamui_Kobayashi,Kobayashi,Japanese
Daniil,KVY,1994-04-26,kvyat,26,http://en.wikipedia.org/wiki/Daniil_Kvyat,Kvyat,Russian
André,LOT,1981-11-19,lotterer,45,http://en.wikipedia.org/wiki/Andr%C3%A9_Lotterer,Lotterer,German
Kevin,MAG,1992-10-05,kevin_magnussen,20,http://en.wikipedia.org/wiki/Kevin_Magnussen,Magnussen,Danish
Pastor,MAL,1985-03-09,maldonado,13,http://en.wikipedia.org/wiki/Pastor_Maldonado,Maldonado,Venezuelan
Felipe,MAS,1981-04-25,massa,19,http://en.wikipedia.org/wiki/Felipe_Massa,Massa,Brazilian
Sergio,PER,1990-01-26,perez,11,http://en.wikipedia.org/wiki/Sergio_P%C3%A9rez,Pérez,Mexican
Kimi,RAI,1979-10-17,raikkonen,7,http://en.wikipedia.org/wiki/Kimi_R%C3%A4ikk%C3%B6nen,Räikkönen,Finnish
Daniel,RIC,1989-07-01,ricciardo,3,http://en.wikipedia.org/wiki/Daniel_Ricciardo,Ricciardo,Australian
Nico,ROS,1985-06-27,rosberg,6,http://en.wikipedia.org/wiki/Nico_Rosberg,Rosberg,German
Will,STE,1991-06-28,stevens,28,http://en.wikipedia.org/wiki/Will_Stevens,Stevens,British
Adrian,SUT,1983-01-11,sutil,99,http://en.wikipedia.org/wiki/Adrian_Sutil,Sutil,German
Jean-Éric,VER,1990-04-25,vergne,25,http://en.wikipedia.org/wiki/Jean-%C3%89ric_Vergne,Vergne,French
Sebastian,VET,1987-07-03,vettel,5,http://en.wikipedia.org/wiki/Sebastian_Vettel,Vettel,German
Fernando,ALO,1981-07-29,alonso,14,http://en.wikipedia.org/wiki/Fernando_Alonso,Alonso,Spanish
Valtteri,BOT,1989-08-28,bottas,77,http://en.wikipedia.org/wiki/Valtteri_Bottas,Bottas,Finnish
Jenson,BUT,1980-01-19,button,22,http://en.wikipedia.org/wiki/Jenson_Button,Button,British
Marcus,ERI,1990-09-02,ericsson,9,http://en.wikipedia.org/wiki/Marcus_Ericsson,Ericsson,Swedish
Romain,GRO,1986-04-17,grosjean,8,http://en.wikipedia.org/wiki/Romain_Grosjean,Grosjean,French
Lewis,HAM,1985-01-07,hamilton,44,http://en.wikipedia.org/wiki/Lewis_Hamilton,Hamilton,British
Nico,HUL,1987-08-19,hulkenberg,27,http://en.wikipedia.org/wiki/Nico_H%C3%BClkenberg,Hülkenberg,German
Daniil,KVY,1994-04-26,kvyat,26,http://en.wikipedia.org/wiki/Daniil_Kvyat,Kvyat,Russian
Kevin,MAG,1992-10-05,kevin_magnussen,20,http://en.wikipedia.org/wiki/Kevin_Magnussen,Magnussen,Danish
Pastor,MAL,1985-03-09,maldonado,13,http://en.wikipedia.org/wiki/Pastor_Maldonado,Maldonado,Venezuelan
Felipe,MAS,1981-04-25,massa,19,http://en.wikipedia.org/wiki/Felipe_Massa,Massa,Brazilian
Roberto,MER,1991-03-22,merhi,98,http://en.wikipedia.org/wiki/Roberto_Merhi,Merhi,Spanish
Felipe,NAS,1992-08-21,nasr,12,http://en.wikipedia.org/wiki/Felipe_Nasr,Nasr,Brazilian
Sergio,PER,1990-01-26,perez,11,http://en.wikipedia.org/wiki/Sergio_P%C3%A9rez,Pérez,Mexican
Kimi,RAI,1979-10-17,raikkonen,7,http://en.wikipedia.org/wiki/Kimi_R%C3%A4ikk%C3%B6nen,Räikkönen,Finnish
Daniel,RIC,1989-07-01,ricciardo,3,http://en.wikipedia.org/wiki/Daniel_Ricciardo,Ricciardo,Australian
Nico,ROS,1985-06-27,rosberg,6,http://en.wikipedia.org/wiki/Nico_Rosberg,Rosberg,German
Alexander,RSS,1991-09-25,rossi,53,http://en.wikipedia.org/wiki/Alexander_Rossi_%28racing_driver%29,Rossi,American
Carlos,SAI,1994-09-01,sainz,55,http://en.wikipedia.org/wiki/Carlos_Sainz_Jr.,Sainz,Spanish
Will,STE,1991-06-28,stevens,28,http://en.wikipedia.org/wiki/Will_Stevens,Stevens,British
Max,VER,1997-09-30,max_verstappen,33,http://en.wikipedia.org/wiki/Max_Verstappen,Verstappen,Dutch
Sebastian,VET,1987-07-03,vettel,5,http://en.wikipedia.org/wiki/Sebastian_Vettel,Vettel,German
Fernando,ALO,1981-07-29,alonso,14,http://en.wikipedia.org/wiki/Fernando_Alonso,Alonso,Spanish
Valtteri,BOT,1989-08-28,bottas,77,http://en.wikipedia.org/wiki/Valtteri_Bottas,Bottas,Finnish
Jenson,BUT,1980-01-19,button,22,http://en.wikipedia.org/wiki/Jenson_Button,Button,British
Marcus,ERI,1990-09-02,ericsson,9,http://en.wikipedia.org/wiki/Marcus_Ericsson,Ericsson,Swedish
Romain,GRO,1986-04-17,grosjean,8,http://en.wikipedia.org/wiki/Romain_Grosjean,Grosjean,French
Esteban,GUT,1991-08-05,gutierrez,21,http://en.wikipedia.org/wiki/Esteban_Guti%C3%A9rrez,Gutiérrez,Mexican
Lewis,HAM,1985-01-07,hamilton,44,http://en.wikipedia.org/wiki/Lewis_Hamilton,Hamilton,British
Rio,HAR,1993-01-22,haryanto,88,http://en.wikipedia.org/wiki/Rio_Haryanto,Haryanto,Indonesian
Nico,HUL,1987-08-19,hulkenberg,27,http://en.wikipedia.org/wiki/Nico_H%C3%BClkenberg,Hülkenberg,German
Daniil,KVY,1994-04-26,kvyat,26,http://en.wikipedia.org/wiki/Daniil_Kvyat,Kvyat,Russian
Kevin,MAG,1992-10-05,kevin_magnussen,20,http://en.wikipedia.org/wiki/Kevin_Magnussen,Magnussen,Danish
Felipe,MAS,1981-04-25,massa,19,http://en.wikipedia.org/wiki/Felipe_Massa,Massa,Brazilian
Felipe,NAS,1992-08-21,nasr,12,http://en.wikipedia.org/wiki/Felipe_Nasr,Nasr,Brazilian
Esteban,OCO,1996-09-17,ocon,31,http://en.wikipedia.org/wiki/Esteban_Ocon,Ocon,French
Jolyon,PAL,1991-01-20,jolyon_palmer,30,http://en.wikipedia.org/wiki/Jolyon_Palmer,Palmer,British
Sergio,PER,1990-01-26,perez,11,http://en.wikipedia.org/wiki/Sergio_P%C3%A9rez,Pérez,Mexican
Kimi,RAI,1979-10-17,raikkonen,7,http://en.wikipedia.org/wiki/Kimi_R%C3%A4ikk%C3%B6nen,Räikkönen,Finnish
Daniel,RIC,1989-07-01,ricciardo,3,http://en.wikipedia.org/wiki/Daniel_Ricciardo,Ricciardo,Australian
Nico,ROS,1985-06-27,rosberg,6,http://en.wikipedia.org/wiki/Nico_Rosberg,Rosberg,German
Carlos,SAI,1994-09-01,sainz,55,http://en.wikipedia.org/wiki/Carlos_Sainz_Jr.,Sainz,Spanish
Stoffel,VAN,1992-03-26,vandoorne,2,http://en.wikipedia.org/wiki/Stoffel_Vandoorne,Vandoorne,Belgian
Max,VER,1997-09-30,max_verstappen,33,http://en.wikipedia.org/wiki/Max_Verstappen,Verstappen,Dutch
Sebastian,VET,1987-07-03,vettel,5,http://en.wikipedia.org/wiki/Sebastian_Vettel,Vettel,German
Pascal,WEH,1994-10-18,wehrlein,94,http://en.wikipedia.org/wiki/Pascal_Wehrlein,Wehrlein,German
Fernando,ALO,1981-07-29,alonso,14,http://en.wikipedia.org/wiki/Fernando_Alonso,Alonso,Spanish
Valtteri,BOT,1989-08-28,bottas,77,http://en.wikipedia.org/wiki/Valtteri_Bottas,Bottas,Finnish
Jenson,BUT,1980-01-19,button,22,http://en.wikipedia.org/wiki/Jenson_Button,Button,British
Paul,DIR,1986-04-16,resta,40,http://en.wikipedia.org/wiki/Paul_di_Resta,di Resta,British
Marcus,ERI,1990-09-02,ericsson,9,http://en.wikipedia.org/wiki/Marcus_Ericsson,Ericsson,Swedish
Pierre,GAS,1996-02-07,gasly,10,http://en.wikipedia.org/wiki/Pierre_Gasly,Gasly,French
Antonio,GIO,1993-12-14,giovinazzi,99,http://en.wikipedia.org/wiki/Antonio_Giovinazzi,Giovinazzi,Italian
Romain,GRO,1986-04-17,grosjean,8,http://en.wikipedia.org/wiki/Romain_Grosjean,Grosjean,French
Lewis,HAM,1985-01-07,hamilton,44,http://en.wikipedia.org/wiki/Lewis_Hamilton,Hamilton,British
Brendon,HAR,1989-11-10,brendon_hartley,28,http://en.wikipedia.org/wiki/Brendon_Hartley,Hartley,New Zealander
Nico,HUL,1987-08-19,hulkenberg,27,http://en.wikipedia.org/wiki/Nico_H%C3%BClkenberg,Hülkenberg,German
Daniil,KVY,1994-04-26,kvyat,26,http://en.wikipedia.org/wiki/Daniil_Kvyat,Kvyat,Russian
Kevin,MAG,1992-10-05,kevin_magnussen,20,http://en.wikipedia.org/wiki/Kevin_Magnussen,Magnussen,Danish
Felipe,MAS,1981-04-25,massa,19,http://en.wikipedia.org/wiki/Felipe_Massa,Massa,Brazilian
Esteban,OCO,1996-09-17,ocon,31,http://en.wikipedia.org/wiki/Esteban_Ocon,Ocon,French
Jolyon,PAL,1991-01-20,jolyon_palmer,30,http://en.wikipedia.org/wiki/Jolyon_Palmer,Palmer,British
Sergio,PER,1990-01-26,perez,11,http://en.wikipedia.org/wiki/Sergio_P%C3%A9rez,Pérez,Mexican
Kimi,RAI,1979-10-17,raikkonen,7,http://en.wikipedia.org/wiki/Kimi_R%C3%A4ikk%C3%B6nen,Räikkönen,Finnish
Daniel,RIC,1989-07-01,ricciardo,3,http://en.wikipedia.org/wiki/Daniel_Ricciardo,Ricciardo,Australian
Carlos,SAI,1994-09-01,sainz,55,http://en.wikipedia.org/wiki/Carlos_Sainz_Jr.,Sainz,Spanish
Lance,STR,1998-10-29,stroll,18,http://en.wikipedia.org/wiki/Lance_Stroll,Stroll,Canadian
Stoffel,VAN,1992-03-26,vandoorne,2,http://en.wikipedia.org/wiki/Stoffel_Vandoorne,Vandoorne,Belgian
Max,VER,1997-09-30,max_verstappen,33,http://en.wikipedia.org/wiki/Max_Verstappen,Verstappen,Dutch
Sebastian,VET,1987-07-03,vettel,5,http://en.wikipedia.org/wiki/Sebastian_Vettel,Vettel,German
Pascal,WEH,1994-10-18,wehrlein,94,http://en.wikipedia.org/wiki/Pascal_Wehrlein,Wehrlein,German
Fernando,ALO,1981-07-29,alonso,14,http://en.wikipedia.org/wiki/Fernando_Alonso,Alonso,Spanish
Valtteri,BOT,1989-08-28,bottas,77,http://en.wikipedia.org/wiki/Valtteri_Bottas,Bottas,Finnish
Marcus,ERI,1990-09-02,ericsson,9,http://en.wikipedia.org/wiki/Marcus_Ericsson,Ericsson,Swedish
Pierre,GAS,1996-02-07,gasly,10,http://en.wikipedia.org/wiki/Pierre_Gasly,Gasly,French
Romain,GRO,1986-04-17,grosjean,8,http://en.wikipedia.org/wiki/Romain_Grosjean,Grosjean,French
Lewis,HAM,1985-01-07,hamilton,44,http://en.wikipedia.org/wiki/Lewis_Hamilton,Hamilton,British
Brendon,HAR,1989-11-10,brendon_hartley,28,http://en.wikipedia.org/wiki/Brendon_Hartley,Hartley,New Zealander
Nico,HUL,1987-08-19,hulkenberg,27,http://en.wikipedia.org/wiki/Nico_H%C3%BClkenberg,Hülkenberg,German
Charles,LEC,1997-10-16,leclerc,16,http://en.wikipedia.org/wiki/Charles_Leclerc,Leclerc,Monegasque
Kevin,MAG,1992-10-05,kevin_magnussen,20,http://en.wikipedia.org/wiki/Kevin_Magnussen,Magnussen,Danish
Esteban,OCO,1996-09-17,ocon,31,http://en.wikipedia.org/wiki/Esteban_Ocon,Ocon,French
Sergio,PER,1990-01-26,perez,11,http://en.wikipedia.org/wiki/Sergio_P%C3%A9rez,Pérez,Mexican
Kimi,RAI,1979-10-17,raikkonen,7,http://en.wikipedia.org/wiki/Kimi_R%C3%A4ikk%C3%B6nen,Räikkönen,Finnish
Daniel,RIC,1989-07-01,ricciardo,3,http://en.wikipedia.org/wiki/Daniel_Ricciardo,Ricciardo,Australian
Carlos,SAI,1994-09-01,sainz,55,http://en.wikipedia.org/wiki/Carlos_Sainz_Jr.,Sainz,Spanish
Sergey,SIR,1995-08-27,sirotkin,35,http://en.wikipedia.org/wiki/Sergey_Sirotkin_(racing_driver),Sirotkin,Russian
Lance,STR,1998-10-29,stroll,18,http://en.wikipedia.org/wiki/Lance_Stroll,Stroll,Canadian
Stoffel,VAN,1992-03-26,vandoorne,2,http://en.wikipedia.org/wiki/Stoffel_Vandoorne,Vandoorne,Belgian
Max,VER,1997-09-30,max_verstappen,33,http://en.wikipedia.org/wiki/Max_Verstappen,Verstappen,Dutch
Sebastian,VET,1987-07-03,vettel,5,http://en.wikipedia.org/wiki/Sebastian_Vettel,Vettel,German
Alexander,ALB,1996-03-23,albon,23,http://en.wikipedia.org/wiki/Alexander_Albon,Albon,Thai
Valtteri,BOT,1989-08-28,bottas,77,http://en.wikipedia.org/wiki/Valtteri_Bottas,Bottas,Finnish
Pierre,GAS,1996-02-07,gasly,10,http://en.wikipedia.org/wiki/Pierre_Gasly,Gasly,French
Antonio,GIO,1993-12-14,giovinazzi,99,http://en.wikipedia.org/wiki/Antonio_Giovinazzi,Giovinazzi,Italian
Romain,GRO,1986-04-17,grosjean,8,http://en.wikipedia.org/wiki/Romain_Grosjean,Grosjean,French
Lewis,HAM,1985-01-07,hamilton,44,http://en.wikipedia.org/wiki/Lewis_Hamilton,Hamilton,British
Nico,HUL,1987-08-19,hulkenberg,27,http://en.wikipedia.org/wiki/Nico_H%C3%BClkenberg,Hülkenberg,German
Robert,KUB,1984-12-07,kubica,88,http://en.wikipedia.org/wiki/Robert_Kubica,Kubica,Polish
Daniil,KVY,1994-04-26,kvyat,26,http://en.wikipedia.org/wiki/Daniil_Kvyat,Kvyat,Russian
Charles,LEC,1997-10-16,leclerc,16,http://en.wikipedia.org/wiki/Charles_Leclerc,Leclerc,Monegasque
Kevin,MAG,1992-10-05,kevin_magnussen,20,http://en.wikipedia.org/wiki/Kevin_Magnussen,Magnussen,Danish
Lando,NOR,1999-11-13,norris,4,http://en.wikipedia.org/wiki/Lando_Norris,Norris,British
Sergio,PER,1990-01-26,perez,11,http://en.wikipedia.org/wiki/Sergio_P%C3%A9rez,Pérez,Mexican
Kimi,RAI,1979-10-17,raikkonen,7,http://en.wikipedia.org/wiki/Kimi_R%C3%A4ikk%C3%B6nen,Räikkönen,Finnish
Daniel,RIC,1989-07-01,ricciardo,3,http://en.wikipedia.org/wiki/Daniel_Ricciardo,Ricciardo,Australian
George,RUS,1998-02-15,russell,63,http://en.wikipedia.org/wiki/George_Russell_(racing_driver),Russell,British
Carlos,SAI,1994-09-01,sainz,55,http://en.wikipedia.org/wiki/Carlos_Sainz_Jr.,Sainz,Spanish
Lance,STR,1998-10-29,stroll,18,http://en.wikipedia.org/wiki/Lance_Stroll,Stroll,Canadian
Max,VER,1997-09-30,max_verstappen,33,http://en.wikipedia.org/wiki/Max_Verstappen,Verstappen,Dutch
Sebastian,VET,1987-07-03,vettel,5,http://en.wikipedia.org/wiki/Sebastian_Vettel,Vettel,German
Jack,AIT,1995-09-23,aitken,89,http://en.wikipedia.org/wiki/Jack_Aitken,Aitken,British
Alexander,ALB,1996-03-23,albon,23,http://en.wikipedia.org/wiki/Alexander_Albon,Albon,Thai
Valtteri,BOT,1989-08-28,bottas,77,http://en.wikipedia.org/wiki/Valtteri_Bottas,Bottas,Finnish
Pietro,FIT,1996-06-25,pietro_fittipaldi,51,http://en.wikipedia.org/wiki/Pietro_Fittipaldi,Fittipaldi,Brazilian
Pierre,GAS,1996-02-07,gasly,10,http://en.wikipedia.org/wiki/Pierre_Gasly,Gasly,French
Antonio,GIO,1993-12-14,giovinazzi,99,http://en.wikipedia.org/wiki/Antonio_Giovinazzi,Giovinazzi,Italian
Romain,GRO,1986-04-17,grosjean,8,http://en.wikipedia.org/wiki/Romain_Grosjean,Grosjean,French
Lewis,HAM,1985-01-07,hamilton,44,http://en.wikipedia.org/wiki/Lewis_Hamilton,Hamilton,British
Nico,HUL,1987-08-19,hulkenberg,27,http://en.wikipedia.org/wiki/Nico_H%C3%BClkenberg,Hülkenberg,German
Daniil,KVY,1994-04-26,kvyat,26,http://en.wikipedia.org/wiki/Daniil_Kvyat,Kvyat,Russian
Nicholas,LAT,1995-06-29,latifi,6,http://en.wikipedia.org/wiki/Nicholas_Latifi,Latifi,Canadian
Charles,LEC,1997-10-16,leclerc,16,http://en.wikipedia.org/wiki/Charles_Leclerc,Leclerc,Monegasque
Kevin,MAG,1992-10-05,kevin_magnussen,20,http://en.wikipedia.org/wiki/Kevin_Magnussen,Magnussen,Danish
Lando,NOR,1999-11-13,norris,4,http://en.wikipedia.org/wiki/Lando_Norris,Norris,British
Esteban,OCO,1996-09-17,ocon,31,http://en.wikipedia.org/wiki/Esteban_Ocon,Ocon,French
Sergio,PER,1990-01-26,perez,11,http://en.wikipedia.org/wiki/Sergio_P%C3%A9rez,Pérez,Mexican
Kimi,RAI,1979-10-17,raikkonen,7,http://en.wikipedia.org/wiki/Kimi_R%C3%A4ikk%C3%B6nen,Räikkönen,Finnish
Daniel,RIC,1989-07-01,ricciardo,3,http://en.wikipedia.org/wiki/Daniel_Ricciardo,Ricciardo,Australian
George,RUS,1998-02-15,russell,63,http://en.wikipedia.org/wiki/George_Russell_(racing_driver),Russell,British
Carlos,SAI,1994-09-01,sainz,55,http://en.wikipedia.org/wiki/Carlos_Sainz_Jr.,Sainz,Spanish
Lance,STR,1998-10-29,stroll,18,http://en.wikipedia.org/wiki/Lance_Stroll,Stroll,Canadian
Max,VER,1997-09-30,max_verstappen,33,http://en.wikipedia.org/wiki/Max_Verstappen,Verstappen,Dutch
Sebastian,VET,1987-07-03,vettel,5,http://en.wikipedia.org/wiki/Sebastian_Vettel,Vettel,German
Fernando,ALO,1981-07-29,alonso,14,http://en.wikipedia.org/wiki/Fernando_Alonso,Alonso,Spanish
Valtteri,BOT,1989-08-28,bottas,77,http://en.wikipedia.org/wiki/Valtteri_Bottas,Bottas,Finnish
Pierre,GAS,1996-02-07,gasly,10,http://en.wikipedia.org/wiki/Pierre_Gasly,Gasly,French
Antonio,GIO,1993-12-14,giovinazzi,99,http://en.wikipedia.org/wiki/Antonio_Giovinazzi,Giovinazzi,Italian
Lewis,HAM,1985-01-07,hamilton,44,http://en.wikipedia.org/wiki/Lewis_Hamilton,Hamilton,British
Robert,KUB,1984-12-07,kubica,88,http://en.wikipedia.org/wiki/Robert_Kubica,Kubica,Polish
Nicholas,LAT,1995-06-29,latifi,6,http://en.wikipedia.org/wiki/Nicholas_Latifi,Latifi,Canadian
Charles,LEC,1997-10-16,leclerc,16,http://en.wikipedia.org/wiki/Charles_Leclerc,Leclerc,Monegasque
Nikita,MAZ,1999-03-02,mazepin,9,http://en.wikipedia.org/wiki/Nikita_Mazepin,Mazepin,Russian
Lando,NOR,1999-11-13,norris,4,http://en.wikipedia.org/wiki/Lando_Norris,Norris,British
Esteban,OCO,1996-09-17,ocon,31,http://en.wikipedia.org/wiki/Esteban_Ocon,Ocon,French
Sergio,PER,1990-01-26,perez,11,http://en.wikipedia.org/wiki/Sergio_P%C3%A9rez,Pérez,Mexican
Kimi,RAI,1979-10-17,raikkonen,7,http://en.wikipedia.org/wiki/Kimi_R%C3%A4ikk%C3%B6nen,Räikkönen,Finnish
Daniel,RIC,1989-07-01,ricciardo,3,http://en.wikipedia.org/wiki/Daniel_Ricciardo,Ricciardo,Australian
George,RUS,1998-02-15,russell,63,http://en.wikipedia.org/wiki/George_Russell_(racing_driver),Russell,British
Carlos,SAI,1994-09-01,sainz,55,http://en.wikipedia.org/wiki/Carlos_Sainz_Jr.,Sainz,Spanish
Mick,MSC,1999-03-22,mick_schumacher,47,http://en.wikipedia.org/wiki/Mick_Schumacher,Schumacher,German
Lance,STR,1998-10-29,stroll,18,http://en.wikipedia.org/wiki/Lance_Stroll,Stroll,Canadian
Yuki,TSU,2000-05-11,tsunoda,22,http://en.wikipedia.org/wiki/Yuki_Tsunoda,Tsunoda,Japanese
Max,VER,1997-09-30,max_verstappen,33,http://en.wikipedia.org/wiki/Max_Verstappen,Verstappen,Dutch
Sebastian,VET,1987-07-03,vettel,5,http://en.wikipedia.org/wiki/Sebastian_Vettel,Vettel,German
Alexander,ALB,1996-03-23,albon,23,http://en.wikipedia.org/wiki/Alexander_Albon,Albon,Thai
Fernando,ALO,1981-07-29,alonso,14,http://en.wikipedia.org/wiki/Fernando_Alonso,Alonso,Spanish
Valtteri,BOT,1989-08-28,bottas,77,http://en.wikipedia.org/wiki/Valtteri_Bottas,Bottas,Finnish
Nyck,DEV,1995-02-06,de_vries,21,http://en.wikipedia.org/wiki/Nyck_de_Vries,de Vries,Dutch
Pierre,GAS,1996-02-07,gasly,10,http://en.wikipedia.org/wiki/Pierre_Gasly,Gasly,French
Lewis,HAM,1985-01-07,hamilton,44,http://en.wikipedia.org/wiki/Lewis_Hamilton,Hamilton,British
Nico,HUL,1987-08-19,hulkenberg,27,http://en.wikipedia.org/wiki/Nico_H%C3%BClkenberg,Hülkenberg,German
Nicholas,LAT,1995-06-29,latifi,6,http://en.wikipedia.org/wiki/Nicholas_Latifi,Latifi,Canadian
Charles,LEC,1997-10-16,leclerc,16,http://en.wikipedia.org/wiki/Charles_Leclerc,Leclerc,Monegasque
Kevin,MAG,1992-10-05,kevin_magnussen,20,http://en.wikipedia.org/wiki/Kevin_Magnussen,Magnussen,Danish
Lando,NOR,1999-11-13,norris,4,http://en.wikipedia.org/wiki/Lando_Norris,Norris,British
Esteban,OCO,1996-09-17,ocon,31,http://en.wikipedia.org/wiki/Esteban_Ocon,Ocon,French
Sergio,PER,1990-01-26,perez,11,http://en.wikipedia.org/wiki/Sergio_P%C3%A9rez,Pérez,Mexican
Daniel,RIC,1989-07-01,ricciardo,3,http://en.wikipedia.org/wiki/Daniel_Ricciardo,Ricciardo,Australian
George,RUS,1998-02-15,russell,63,http://en.wikipedia.org/wiki/George_Russell_(racing_driver),Russell,British
Carlos,SAI,1994-09-01,sainz,55,http://en.wikipedia.org/wiki/Carlos_Sainz_Jr.,Sainz,Spanish
Mick,MSC,1999-03-22,mick_schumacher,47,http://en.wikipedia.org/wiki/Mick_Schumacher,Schumacher,German
Lance,STR,1998-10-29,stroll,18,http://en.wikipedia.org/wiki/Lance_Stroll,Stroll,Canadian
Yuki,TSU,2000-05-11,tsunoda,22,http://en.wikipedia.org/wiki/Yuki_Tsunoda,Tsunoda,Japanese
Max,VER,1997-09-30,max_verstappen,33,http://en.wikipedia.org/wiki/Max_Verstappen,Verstappen,Dutch
Sebastian,VET,1987-07-03,vettel,5,http://en.wikipedia.org/wiki/Sebastian_Vettel,Vettel,German
Guanyu,ZHO,1999-05-30,zhou,24,http://en.wikipedia.org/wiki/Zhou_Guanyu,Zhou,Chinese
Alexander,ALB,1996-03-23,albon,23,http://en.wikipedia.org/wiki/Alexander_Albon,Albon,Thai
Fernando,ALO,1981-07-29,alonso,14,http://en.wikipedia.org/wiki/Fernando_Alonso,Alonso,Spanish
Valtteri,BOT,1989-08-28,bottas,77,http://en.wikipedia.org/wiki/Valtteri_Bottas,Bottas,Finnish
Nyck,DEV,1995-02-06,de_vries,21,http://en.wikipedia.org/wiki/Nyck_de_Vries,de Vries,Dutch
Pierre,GAS,1996-02-07,gasly,10,http://en.wikipedia.org/wiki/Pierre_Gasly,Gasly,French
Lewis,HAM,1985-01-07,hamilton,44,http://en.wikipedia.org/wiki/Lewis_Hamilton,Hamilton,British
Nico,HUL,1987-08-19,hulkenberg,27,http://en.wikipedia.org/wiki/Nico_H%C3%BClkenberg,Hülkenberg,German
Liam,LAW,2002-02-11,lawson,30,http://en.wikipedia.org/wiki/Liam_Lawson,Lawson,New Zealander
Charles,LEC,1997-10-16,leclerc,16,http://en.wikipedia.org/wiki/Charles_Leclerc,Leclerc,Monegasque
Kevin,MAG,1992-10-05,kevin_magnussen,20,http://en.wikipedia.org/wiki/Kevin_Magnussen,Magnussen,Danish
Lando,NOR,1999-11-13,norris,4,http://en.wikipedia.org/wiki/Lando_Norris,Norris,British
Esteban,OCO,1996-09-17,ocon,31,http://en.wikipedia.org/wiki/Esteban_Ocon,Ocon,French
Sergio,PER,1990-01-26,perez,11,http://en.wikipedia.org/wiki/Sergio_P%C3%A9rez,Pérez,Mexican
Oscar,PIA,2001-04-06,piastri,81,http://en.wikipedia.org/wiki/Oscar_Piastri,Piastri,Australian
Daniel,RIC,1989-07-01,ricciardo,3,http://en.wikipedia.org/wiki/Daniel_Ricciardo,Ricciardo,Australian
George,RUS,1998-02-15,russell,63,http://en.wikipedia.org/wiki/George_Russell_(racing_driver),Russell,British
Carlos,SAI,1994-09-01,sainz,55,http://en.wikipedia.org/wiki/Carlos_Sainz_Jr.,Sainz,Spanish
Logan,SAR,2000-12-31,sargeant,2,http://en.wikipedia.org/wiki/Logan_Sargeant,Sargeant,American
Lance,STR,1998-10-29,stroll,18,http://en.wikipedia.org/wiki/Lance_Stroll,Stroll,Canadian
Yuki,TSU,2000-05-11,tsunoda,22,http://en.wikipedia.org/wiki/Yuki_Tsunoda,Tsunoda,Japanese
Max,VER,1997-09-30,max_verstappen,33,http://en.wikipedia.org/wiki/Max_Verstappen,Verstappen,Dutch
Guanyu,ZHO,1999-05-30,zhou,24,http://en.wikipedia.org/wiki/Zhou_Guanyu,Zhou,Chinese
Alexander,ALB,1996-03-23,albon,23,http://en.wikipedia.org/wiki/Alexander_Albon,Albon,Thai
Fernando,ALO,1981-07-29,alonso,14,http://en.wikipedia.org/wiki/Fernando_Alonso,Alonso,Spanish
Oliver,BEA,2005-05-08,bearman,38,http://en.wikipedia.org/wiki/Oliver_Bearman,Bearman,British
Valtteri,BOT,1989-08-28,bottas,77,http://en.wikipedia.org/wiki/Valtteri_Bottas,Bottas,Finnish
Franco,COL,2003-05-27,colapinto,43,http://en.wikipedia.org/wiki/Franco_Colapinto,Colapinto,Argentinian 
Jack,DOO,2003-01-20,doohan,61,http://en.wikipedia.org/wiki/Jack_Doohan,Doohan,Australian
Pierre,GAS,1996-02-07,gasly,10,http://en.wikipedia.org/wiki/Pierre_Gasly,Gasly,French
Lewis,HAM,1985-01-07,hamilton,44,http://en.wikipedia.org/wiki/Lewis_Hamilton,Hamilton,British
Nico,HUL,1987-08-19,hulkenberg,27,http://en.wikipedia.org/wiki/Nico_H%C3%BClkenberg,Hülkenberg,German
Liam,LAW,2002-02-11,lawson,30,http://en.wikipedia.org/wiki/Liam_Lawson,Lawson,New Zealander
Charles,LEC,1997-10-16,leclerc,16,http://en.wikipedia.org/wiki/Charles_Leclerc,Leclerc,Monegasque
Kevin,MAG,1992-10-05,kevin_magnussen,20,http://en.wikipedia.org/wiki/Kevin_Magnussen,Magnussen,Danish
Lando,NOR,1999-11-13,norris,4,http://en.wikipedia.org/wiki/Lando_Norris,Norris,British
Esteban,OCO,1996-09-17,ocon,31,http://en.wikipedia.org/wiki/Esteban_Ocon,Ocon,French
Sergio,PER,1990-01-26,perez,11,http://en.wikipedia.org/wiki/Sergio_P%C3%A9rez,Pérez,Mexican
Oscar,PIA,2001-04-06,piastri,81,http://en.wikipedia.org/wiki/Oscar_Piastri,Piastri,Australian
Daniel,RIC,1989-07-01,ricciardo,3,http://en.wikipedia.org/wiki/Daniel_Ricciardo,Ricciardo,Australian
George,RUS,1998-02-15,russell,63,http://en.wikipedia.org/wiki/George_Russell_(racing_driver),Russell,British
Carlos,SAI,1994-09-01,sainz,55,http://en.wikipedia.org/wiki/Carlos_Sainz_Jr.,Sainz,Spanish
Logan,SAR,2000-12-31,sargeant,2,http://en.wikipedia.org/wiki/Logan_Sargeant,Sargeant,American
Lance,STR,1998-10-29,stroll,18,http://en.wikipedia.org/wiki/Lance_Stroll,Stroll,Canadian
Yuki,TSU,2000-05-11,tsunoda,22,http://en.wikipedia.org/wiki/Yuki_Tsunoda,Tsunoda,Japanese
Max,VER,1997-09-30,max_verstappen,33,http://en.wikipedia.org/wiki/Max_Verstappen,Verstappen,Dutch
Guanyu,ZHO,1999-05-30,zhou,24,http://en.wikipedia.org/wiki/Zhou_Guanyu,Zhou,Chinese
